[
  {
    "pk": 1, 
    "model": "threadedcomments.threadedcomment", 
    "fields": {
      "tree_path": "0000000001", 
      "last_child": 4, 
      "parent": null
    }
  }, 
  {
    "pk": 2, 
    "model": "threadedcomments.threadedcomment", 
    "fields": {
      "tree_path": "0000000001/0000000002", 
      "last_child": 5, 
      "parent": 1
    }
  }, 
  {
    "pk": 3, 
    "model": "threadedcomments.threadedcomment", 
    "fields": {
      "tree_path": "0000000001/0000000002/0000000003", 
      "last_child": null, 
      "parent": 2
    }
  }, 
  {
    "pk": 5, 
    "model": "threadedcomments.threadedcomment", 
    "fields": {
      "tree_path": "0000000001/0000000002/0000000005", 
      "last_child": null, 
      "parent": 2
    }
  }, 
  {
    "pk": 4, 
    "model": "threadedcomments.threadedcomment", 
    "fields": {
      "tree_path": "0000000001/0000000004", 
      "last_child": 6, 
      "parent": 1
    }
  }, 
  {
    "pk": 6, 
    "model": "threadedcomments.threadedcomment", 
    "fields": {
      "tree_path": "0000000001/0000000004/0000000006", 
      "last_child": null, 
      "parent": 4
    }
  }, 
  {
    "pk": 7, 
    "model": "threadedcomments.threadedcomment", 
    "fields": {
      "tree_path": "0000000007", 
      "last_child": null, 
      "parent": null
    }
  }, 
  {
    "pk": 1, 
    "model": "django_comments.comment", 
    "fields": {
      "comment": "Comment 1", 
      "user_url": "", 
      "submit_date": "2009-03-31 17:58:09", 
      "ip_address": null, 
      "object_pk": "1", 
      "site": 1, 
      "is_removed": false, 
      "user": null, 
      "content_type": ["sites", "site"], 
      "is_public": true, 
      "user_name": "", 
      "user_email": ""
    }
  }, 
  {
    "pk": 2, 
    "model": "django_comments.comment", 
    "fields": {
      "comment": "Comment 2", 
      "user_url": "", 
      "submit_date": "2009-03-31 17:58:12", 
      "ip_address": null, 
      "object_pk": "1", 
      "site": 1, 
      "is_removed": false, 
      "user": null, 
      "content_type": ["sites", "site"], 
      "is_public": true, 
      "user_name": "", 
      "user_email": ""
    }
  }, 
  {
    "pk": 3, 
    "model": "django_comments.comment", 
    "fields": {
      "comment": "Comment 3", 
      "user_url": "", 
      "submit_date": "2009-03-31 17:58:28", 
      "ip_address": null, 
      "object_pk": "1", 
      "site": 1, 
      "is_removed": false, 
      "user": null, 
      "content_type": ["sites", "site"], 
      "is_public": true, 
      "user_name": "", 
      "user_email": ""
    }
  }, 
  {
    "pk": 4, 
    "model": "django_comments.comment", 
    "fields": {
      "comment": "Comment 4", 
      "user_url": "", 
      "submit_date": "2009-03-31 17:58:50", 
      "ip_address": null, 
      "object_pk": "1", 
      "site": 1, 
      "is_removed": false, 
      "user": null, 
      "content_type": ["sites", "site"], 
      "is_public": true, 
      "user_name": "", 
      "user_email": ""
    }
  }, 
  {
    "pk": 5, 
    "model": "django_comments.comment", 
    "fields": {
      "comment": "Comment 5", 
      "user_url": "", 
      "submit_date": "2009-03-31 17:58:57", 
      "ip_address": null, 
      "object_pk": "1", 
      "site": 1, 
      "is_removed": false, 
      "user": null, 
      "content_type": ["sites", "site"], 
      "is_public": true, 
      "user_name": "", 
      "user_email": ""
    }
  }, 
  {
    "pk": 6, 
    "model": "django_comments.comment", 
    "fields": {
      "comment": "Comment 6", 
      "user_url": "", 
      "submit_date": "2009-03-31 17:59:17", 
      "ip_address": null, 
      "object_pk": "1", 
      "site": 1, 
      "is_removed": false, 
      "user": null, 
      "content_type": ["sites", "site"], 
      "is_public": true, 
      "user_name": "", 
      "user_email": ""
    }
  }, 
  {
    "pk": 7, 
    "model": "django_comments.comment", 
    "fields": {
      "comment": "Comment 7", 
      "user_url": "", 
      "submit_date": "2009-03-31 17:59:25", 
      "ip_address": null, 
      "object_pk": "1", 
      "site": 1, 
      "is_removed": false, 
      "user": null, 
      "content_type": ["sites", "site"], 
      "is_public": true, 
      "user_name": "", 
      "user_email": ""
    }
  }
]
