[
	{
		"type" : "bool",
		"title" : "Custom Colors",
		"desc" : "Toggle to switch between custom and default colors",
		"section" : "Calculator Colors",
		"key" : "CC",
		"values" : ["Off", "On"],
		"false" : "auto"
	},
	{
		"type" : "title",
		"title" : "Button Colors"
	},
	{
		"type" : "options",
		"title" : "Number Button",
		"desc" : "Color of Number Buttons",
		"section" : "Calculator Colors",
		"key" : "NB",
		"options": ["red", 
					"green", 
					"blue", 
					"black", 
					"white",
					"pink",
					"yellow",
					"cyan",
					"default"]
	},
	{
		"type" : "options",
		"title" : "Number Button Text",
		"desc" : "Color of Number Button's Text",
		"section" : "Calculator Colors",
		"key" : "NBT",
		"options": ["red", 
					"green", 
					"blue", 
					"black", 
					"white",
					"pink",
					"yellow",
					"cyan",
					"default"]
	},
	{
		"type" : "options",
		"title" : "Operation Button",
		"desc" : "Color of Operation Buttons",
		"section" : "Calculator Colors",
		"key" : "OB",
		"options": ["red", 
					"green", 
					"blue", 
					"black", 
					"white",
					"pink",
					"yellow",
					"cyan",
					"default"]
	},
	{
		"type" : "options",
		"title" : "Operation Button Text",
		"desc" : "Color of Operation Button's Text",
		"section" : "Calculator Colors",
		"key" : "OBT",
		"options": ["red", 
					"green", 
					"blue", 
					"black", 
					"white",
					"pink",
					"yellow",
					"cyan",
					"default"]
	},
	{
		"type" : "options",
		"title" : "Special Button",
		"desc" : "Color of Special Buttons",
		"section" : "Calculator Colors",
		"key" : "SB",
		"options": ["red", 
					"green", 
					"blue", 
					"black", 
					"white",
					"pink",
					"yellow",
					"cyan",
					"default"]
	},
	{
		"type" : "options",
		"title" : "Special Button Text",
		"desc" : "Color of Special Button's Text",
		"section" : "Calculator Colors",
		"key" : "SBT",
		"options": ["red", 
					"green", 
					"blue", 
					"black", 
					"white",
					"pink",
					"yellow",
					"cyan",
					"default"]
	},
	{
		"type" : "title",
		"title" : "Output Box Colors"
	},
	{
		"type" : "options",
		"title" : "Output Box Background",
		"desc" : "Background Color of the Output Box",
		"section" : "Calculator Colors",
		"key" : "TIB",
		"options": ["red", 
					"green", 
					"blue", 
					"black", 
					"white",
					"pink",
					"yellow",
					"cyan",
					"default"]
	},
	{
		"type" : "options",
		"title" : "Output Box Text",
		"desc" : "Color of the text of the Output Box",
		"section" : "Calculator Colors",
		"key" : "TIF",
		"options": ["red", 
					"green", 
					"blue", 
					"black", 
					"white",
					"pink",
					"yellow",
					"cyan",
					"default"]
	}
]
